{
    "Average Days on Playlist": 47.684391080617495,
    "Entry-to-Peak Time (days)": 9.514579759862778,
    "Average Daily Playist Churn (%)": 2.1045045045045043,
    "Retention Stability Index (>30 days %)": 36.02058319039451,
    "Explicit Content Lifecycle Score": 0.9054737932235918,
    "Single vs Album Longevity Ratio": 1.5051115763987968
}
